Tip,Komentar,Datum
product,Box of Chocolate Candy,2023-01-15
product,Dark Red Energy Potion,2023-01-15
product,Teal Energy Potion,2023-01-15
product,Red Energy Potion,2023-01-15
product,Blue Energy Potion,2023-01-15
product,Dragon Energy Potion,2023-01-15
product,Hiking Boots for Outdoor Adventures,2023-01-15
product,Women's High Heel Sandals,2023-01-15
product,Running Shoes for Men,2023-01-15
product,Kids' Light-Up Sneakers,2023-01-15
product,Classic Leather Sneakers,2023-01-15
product,Cat-Ear Beanie,2023-01-15
product,Box of Chocolate Candy,2023-01-15
product,Dark Red Energy Potion,2023-01-15
product,Teal Energy Potion,2023-01-15
product,Red Energy Potion,2023-01-15
product,Blue Energy Potion,2023-01-15
product,Dragon Energy Potion,2023-01-15
product,Hiking Boots for Outdoor Adventures,2023-01-15
product,Women's High Heel Sandals,2023-01-15
product,Running Shoes for Men,2023-01-15
product,Kids' Light-Up Sneakers,2023-01-15
product,Classic Leather Sneakers,2023-01-15
product,Cat-Ear Beanie,2023-01-15
product,Box of Chocolate Candy,2023-01-15
testimonial,We've been using this utility for years - awesome service!,2023-06-10
testimonial,This Python app simplified my workflow significantly. Highly recommended.,2023-06-10
testimonial,"Had a few issues at first, but their support team is top-notch!",2023-06-10
testimonial,A fantastic tool - it has everything you need and more.,2023-06-10
testimonial,The interface could be a little more user-friendly.,2023-06-10
testimonial,Been a fan of this app since day one. It just keeps getting better!,2023-06-10
testimonial,The recent updates really improved the overall experience.,2023-06-10
testimonial,A decent web app. There's room for improvement though.,2023-06-10
testimonial,The app is reliable and efficient. I can't imagine my day without it now.,2023-06-10
testimonial,Encountered some bugs. Hope they fix it soon.,2023-06-10
testimonial,We've been using this utility for years - awesome service!,2023-06-10
testimonial,This Python app simplified my workflow significantly. Highly recommended.,2023-06-10
testimonial,"Had a few issues at first, but their support team is top-notch!",2023-06-10
testimonial,A fantastic tool - it has everything you need and more.,2023-06-10
testimonial,The interface could be a little more user-friendly.,2023-06-10
testimonial,Been a fan of this app since day one. It just keeps getting better!,2023-06-10
testimonial,The recent updates really improved the overall experience.,2023-06-10
testimonial,A decent web app. There's room for improvement though.,2023-06-10
testimonial,The app is reliable and efficient. I can't imagine my day without it now.,2023-06-10
testimonial,Encountered some bugs. Hope they fix it soon.,2023-06-10
review,Unique flavor and great energy boost. It's the perfect gamer's drink!,2023-11-25
review,Good flavor and keeps me energized. The bottle design is really fun.,2023-11-25
review,Excellent energy drink for gamers. The tropical flavor is refreshing.,2023-11-25
review,"It’s fun, tastes good, and the energy boost is helpful during intense gaming sessions.",2023-11-25
review,"The best sneakers I've bought in a long time. Stylish, comfortable and the leather quality is top-notch.",2023-11-25
review,The cherry cola flavor is a win. Keeps me energized and focused.,2023-11-25
review,These shoes are a hit with my twins. They love the lights and they seem to be quite durable.,2023-11-25
review,Excellent boots for outdoor adventures. They offer great support and are very comfortable.,2023-11-25
review,"Nice design and good quality, but a bit too tight for me. Otherwise, it's a pretty cool beanie.",2023-11-25
review,Really enjoyed the citrus flavor and the energy boost it gives.,2023-11-25
review,"Great concept, but the sizing is a bit off. Order a size larger.",2023-11-25
review,"Delicious chocolates, and the box is pretty substantial. It'd make a nice gift.",2023-11-25
review,"The boots are durable, but the laces could be better quality.",2023-11-25
review,This potion is a game changer. Love the energy boost and the flavor.,2023-11-25
review,"Light, comfortable, and nice design. I'm buying another pair.",2023-11-25
review,Highly recommend! These shoes are great for evening walks. Kids love them!,2023-11-25
review,It's like a health potion for gamers! The energy boost is spot on.,2023-11-25
review,Really helps me focus during intense gaming marathons. The teal color is a nice touch.,2023-11-25
review,The shoes are nice but they didn't fit me well. I had to exchange for a larger size.,2023-11-25
review,"Great taste, and the energy kick is awesome. Feels just like a strength potion.",2023-11-25
review,Exceptional beanie! I wear it every time I go out in cold weather. The material is comfortable and durable. Highly recommend it.,2023-11-25
review,Great taste and doesn't give me a crash afterwards.,2023-11-25
review,"Good quality and fit, but the color is a bit off from the picture. Still, they're pretty.",2023-11-25
review,"The beanie is cute, but the cat ears were a bit floppy. Overall, I like it and wear it regularly.",2023-11-25
review,"Good quality and comfortable, but a bit pricey.",2023-11-25
review,"The orange flavor wasn't my favorite, but the cherry ones are great.",2023-11-25
review,"Not only does it look cool, but it tastes great and gives a good energy boost!",2023-11-25
review,Just what I need for long gaming sessions. Great flavor and energy boost.,2023-11-25
review,"Definitely helped me stay focused during my long gaming nights. Plus, the bottle design is pretty cool.",2023-11-25
review,"I love how it gives me the energy I need for my gaming sessions. Plus, no sugar crash.",2023-11-25
review,"Finally, an energy drink for gamers! It's just like a mana potion.",2023-11-25
review,"I'm not really a cat person, but I like the quality and comfort of this beanie. My friend recommended it, and I'm glad I bought it.",2023-11-25
review,"They're a good pair of running shoes for the price. They're not the best I've had, but they do the job.",2023-11-25
review,"The sneakers are fun and eye-catching, but my pair arrived with one shoe not lighting up.",2023-11-25
review,Very comfortable and the leather feels premium. Would recommend to anyone looking for classic sneakers.,2023-11-25
review,"Great sneakers, but the white ones get dirty easily. Otherwise, they're perfect.",2023-11-25
review,"Love these boots. They're rugged and comfortable, perfect for outdoor activities.",2023-11-25
review,Perfect for long gaming nights. Love the taste and the cool bottle design.,2023-11-25
review,"Comfortable, good fit, and the grip is excellent. Happy with my purchase.",2023-11-25
review,Good quality and the lights are a nice touch. My kid wears them all the time.,2023-11-25
review,"The tropical flavor is really good, and the energy kick is powerful.",2023-11-25
review,Stunning and comfortable. I wore them to a wedding and got so many compliments.,2023-11-25
review,"The box is nicely packaged, making it a great gift option.",2023-11-25
review,It's quite nice but a little snug on my head. Maybe it's just my head size. But I love the design!,2023-11-25
review,The cherry cola flavor is very appealing. Provides a good energy boost for gaming!,2023-11-25
review,The mint and citrus blend is very refreshing. And the bottle design is great too!,2023-11-25
review,The berry flavor is intense and delicious. Great for keeping me focused during my gaming sessions.,2023-11-25
review,These chocolates are so tasty! Love the variety of flavors.,2023-11-25
review,"Nice sandals, but they run a bit small. I recommend ordering a size up.",2023-11-25
review,The design is just epic! And the energy boost is real.,2023-11-25
review,Really like the design and they're great for running. They're also easy to clean.,2023-11-25
review,These sneakers are worth every penny! They're durable and my kid loves them!,2023-11-25
review,"These are decent boots for hiking, but they took a while to break in.",2023-11-25
review,"Impressive build quality and comfort. However, I wish they were a bit cheaper.",2023-11-25
review,A must-have for cat lovers. It's adorable and keeps me warm during chilly weather.,2023-11-25
review,"I bought this for my daughter, and she adores it! It's become her favorite winter accessory.",2023-11-25
review,"Bought the large box, and it's lasted quite a while. Great for when you need a sweet treat.",2023-11-25
review,These sandals are a must-have! They look amazing and feel great.,2023-11-25
review,Great traction and support. My feet stayed dry even in wet conditions.,2023-11-25
review,"Shoes are okay, but the cushioning could be better.",2023-11-25
review,The shoes are great but the battery life for the lights could be better.,2023-11-25
review,"Beautiful shoes, but not very comfortable. Good for short-term wear.",2023-11-25
review,Was looking for a good pair of white sneakers and these fit the bill. Excellent quality and design.,2023-11-25
review,These boots are perfect for hiking. They're comfortable and provide excellent support.,2023-11-25
review,"A bit pricey, but the quality of the chocolate is worth it.",2023-11-25
review,"Great boots! The size was perfect, and they're very comfortable.",2023-11-25
review,"Great quality for the price. The buckle closure is secure, and the heel feels sturdy.",2023-11-25
review,"Good shoes, but they run a little small. I'd recommend ordering a half size up.",2023-11-25
review,"Nice design and the lights are bright. However, they run a bit small. Order a size up.",2023-11-25
review,"Great beanie, but I wish there were more colors available. The cat ears design is really nice.",2023-11-25
review,The cherry flavor is amazing. Will be buying more.,2023-11-25
review,"These boots are durable and comfortable, but they're a bit heavy.",2023-11-25
review,"The sandals are pretty, but the heel is higher than I expected.",2023-11-25
review,"A cozy and unique beanie. Received a lot of compliments. Plus, it's cat-themed, so that's a win for me!",2023-11-25
review,"Best running shoes I've had in a while. They're really comfortable, even on long runs.",2023-11-25
review,Comfortable and fun! My child loves showing off the light-up feature to friends.,2023-11-25
review,They're nice shoes but they felt a little tight at first. They loosened up after a few days though.,2023-11-25
review,Nice variety of flavors. The chocolate is rich and smooth.,2023-11-25
review,"I bought these as a gift, and they were well received. Will definitely purchase again.",2023-11-25
review,Good quality boots. They keep my feet dry and comfortable during long hikes.,2023-11-25
review,"These shoes look good, but they wore out a bit faster than I expected.",2023-11-25
review,"Cool shoes, but the lights stopped working after a few weeks.",2023-11-25
review,I got the black ones and they look sleek. Got compliments on the first day I wore them out.,2023-11-25
review,Absolutely love these sandals! They're so elegant and surprisingly comfortable.,2023-11-25
review,Comfortable and sturdy. Perfect for outdoor adventures.,2023-11-25
review,Absolutely delicious! The orange flavor is my favorite.,2023-11-25
review,Very happy with my purchase. These shoes provide good support for my morning jogs.,2023-11-25
review,"Bought these for my son's birthday, and they were the star of the party. Great shoes!",2023-11-25
review,"These sandals look great, but they're a bit tight. Maybe they'll stretch over time.",2023-11-25
review,"Love this Cat Ear Beanie! It's so cute and surprisingly warm. The material is so soft, and the cat ears are a nice touch!",2023-11-25
review,I love the classic design of these sneakers. They match well with my outfits. The leather is of top quality.,2023-11-25
review,"Great shoes for running! Comfortable and stylish, with excellent traction.",2023-11-25
review,My daughter loves these shoes! She doesn't want to take them off. They're comfortable and the lights are a big hit.,2023-11-25
review,These boots are fantastic for hiking. The grip on the soles is really good.,2023-11-25
review,"These shoes are not only stylish, but also super comfortable. They're perfect for any occasion!",2023-11-25
review,Stylish and comfortable! I love the strappy design.,2023-11-25
